timestamp,size,lr,base,epoch,weights_scheme,augment,train_loss,val_miou,iou_background,iou_track,iou_kart,iou_pickup,iou_nitro,iou_bomb,iou_projectile,notes
2026-09-04T02:15:34,128x128,1.00e-03,32,0,class_weights.json,1,0.9843,0.2739,0.8021,0.8028,0.3127,0.0000,0.0000,0.0000,0.0000,
2026-09-04T02:15:36,128x128,1.00e-03,32,1,class_weights.json,1,0.5101,0.2987,0.8687,0.8326,0.3370,0.0528,0.0000,0.0000,0.0000,
2026-09-04T02:15:37,128x128,1.00e-03,32,2,class_weights.json,1,0.4001,0.2802,0.8718,0.8026,0.2398,0.0472,0.0000,0.0000,0.0000,
2026-09-04T02:15:39,128x128,1.00e-03,32,3,class_weights.json,1,0.3454,0.3083,0.8334,0.7897,0.3120,0.1598,0.0621,0.0015,0.0000,
2026-09-04T02:15:40,128x128,1.00e-03,32,4,class_weights.json,1,0.3251,0.3345,0.8384,0.8202,0.3051,0.3238,0.0498,0.0043,0.0000,
2026-09-04T02:15:42,128x128,1.00e-03,32,5,class_weights.json,1,0.2811,0.2586,0.7066,0.5667,0.2151,0.2776,0.0366,0.0078,0.0000,
2026-09-04T02:15:43,128x128,1.00e-03,32,6,class_weights.json,1,0.2612,0.1646,0.6776,0.2785,0.0719,0.0724,0.0419,0.0098,0.0000,
2026-09-04T02:15:45,128x128,1.00e-03,32,7,class_weights.json,1,0.2651,0.3391,0.7637,0.7374,0.5163,0.2692,0.0807,0.0066,0.0000,
2026-09-04T02:15:46,128x128,1.00e-03,32,8,class_weights.json,1,0.2596,0.3023,0.7212,0.6363,0.4816,0.1874,0.0740,0.0158,0.0000,
2026-09-04T02:15:48,128x128,1.00e-03,32,9,class_weights.json,1,0.2257,0.3276,0.8093,0.7758,0.4496,0.1823,0.0727,0.0031,0.0000,
2026-09-04T02:15:49,128x128,1.00e-03,32,10,class_weights.json,1,0.2253,0.3022,0.7052,0.6274,0.4545,0.2271,0.0826,0.0186,0.0000,
2026-09-04T02:15:51,128x128,1.00e-03,32,11,class_weights.json,1,0.2457,0.2982,0.7694,0.7295,0.3958,0.1192,0.0576,0.0158,0.0000,
2026-09-04T02:15:52,128x128,5.00e-04,32,12,class_weights.json,1,0.2174,0.3088,0.6831,0.5466,0.4856,0.3193,0.1211,0.0056,0.0000,
2026-09-04T02:15:54,128x128,5.00e-04,32,13,class_weights.json,1,0.1814,0.2840,0.6285,0.4414,0.5593,0.2516,0.1009,0.0067,0.0000,
2026-09-04T02:15:55,128x128,5.00e-04,32,14,class_weights.json,1,0.1714,0.3506,0.7672,0.7249,0.6083,0.1966,0.1452,0.0119,0.0000,
2026-09-04T02:15:57,128x128,5.00e-04,32,15,class_weights.json,1,0.1623,0.2915,0.6559,0.4773,0.4489,0.3053,0.1478,0.0053,0.0000,
2026-09-04T02:15:58,128x128,5.00e-04,32,16,class_weights.json,1,0.1500,0.2524,0.5857,0.3269,0.4880,0.2563,0.1042,0.0055,0.0000,
2026-09-04T02:16:00,128x128,5.00e-04,32,17,class_weights.json,1,0.2004,0.2899,0.6830,0.5825,0.5466,0.1328,0.0758,0.0084,0.0000,
2026-09-04T02:16:01,128x128,5.00e-04,32,18,class_weights.json,1,0.1668,0.3297,0.7756,0.7124,0.3649,0.3523,0.0981,0.0045,0.0000,
2026-09-04T02:16:03,128x128,2.50e-04,32,19,class_weights.json,1,0.1501,0.3325,0.7591,0.7022,0.4640,0.2495,0.1430,0.0096,0.0000,
2026-09-04T02:16:04,128x128,2.50e-04,32,20,class_weights.json,1,0.1365,0.3070,0.6869,0.5899,0.5483,0.2057,0.1069,0.0112,0.0000,
2026-09-04T02:16:06,128x128,2.50e-04,32,21,class_weights.json,1,0.1290,0.3171,0.6981,0.5940,0.5090,0.2980,0.1054,0.0152,0.0000,
2026-09-04T02:16:07,128x128,2.50e-04,32,22,class_weights.json,1,0.1242,0.3044,0.6845,0.5744,0.5059,0.2519,0.1044,0.0095,0.0000,
2026-09-04T02:16:09,128x128,2.50e-04,32,23,class_weights.json,1,0.1206,0.3177,0.6827,0.5706,0.5663,0.2858,0.1079,0.0107,0.0000,
2026-09-04T02:16:10,128x128,1.25e-04,32,24,class_weights.json,1,0.1178,0.3271,0.7062,0.6144,0.5439,0.3131,0.0988,0.0134,0.0000,
2026-09-04T02:16:12,128x128,1.25e-04,32,25,class_weights.json,1,0.1168,0.3229,0.7519,0.6901,0.5330,0.1722,0.0966,0.0163,0.0000,
2026-09-04T02:16:13,128x128,1.25e-04,32,26,class_weights.json,1,0.1101,0.3337,0.7408,0.6764,0.5572,0.2439,0.1032,0.0146,0.0000,
2026-09-04T02:16:15,128x128,1.25e-04,32,27,class_weights.json,1,0.1070,0.3261,0.7296,0.6549,0.5052,0.2613,0.1163,0.0152,0.0000,
2026-09-04T02:16:16,128x128,1.25e-04,32,28,class_weights.json,1,0.1071,0.3289,0.7249,0.6515,0.5653,0.2321,0.1143,0.0139,0.0000,
2026-09-04T02:16:18,128x128,6.25e-05,32,29,class_weights.json,1,0.1023,0.3105,0.6709,0.5509,0.5299,0.3011,0.1089,0.0114,0.0000,
2026-09-04T02:16:19,128x128,6.25e-05,32,30,class_weights.json,1,0.1022,0.3349,0.7315,0.6620,0.5803,0.2328,0.1241,0.0134,0.0000,
2026-09-04T02:16:21,128x128,6.25e-05,32,31,class_weights.json,1,0.0998,0.3138,0.6768,0.5612,0.5435,0.2609,0.1405,0.0137,0.0000,
2026-09-04T02:16:22,128x128,6.25e-05,32,32,class_weights.json,1,0.1016,0.3184,0.7040,0.6109,0.5381,0.2399,0.1237,0.0121,0.0000,
2026-09-04T02:16:24,128x128,6.25e-05,32,33,class_weights.json,1,0.0960,0.3205,0.6935,0.5933,0.5283,0.2943,0.1223,0.0122,0.0000,
2026-09-04T02:16:25,128x128,3.13e-05,32,34,class_weights.json,1,0.0978,0.3219,0.6895,0.5873,0.5619,0.2699,0.1299,0.0149,0.0000,
2026-09-04T02:16:27,128x128,3.13e-05,32,35,class_weights.json,1,0.0970,0.3201,0.6989,0.6040,0.5456,0.2631,0.1159,0.0134,0.0000,
2026-09-04T02:16:28,128x128,3.13e-05,32,36,class_weights.json,1,0.0955,0.3373,0.7455,0.6845,0.5754,0.2259,0.1172,0.0127,0.0000,
2026-09-04T02:16:30,128x128,3.13e-05,32,37,class_weights.json,1,0.0943,0.3221,0.7006,0.6097,0.5647,0.2450,0.1214,0.0133,0.0000,
2026-09-04T02:16:31,128x128,3.13e-05,32,38,class_weights.json,1,0.0939,0.3180,0.6984,0.6059,0.5556,0.2383,0.1160,0.0121,0.0000,
2026-09-04T02:16:33,128x128,1.56e-05,32,39,class_weights.json,1,0.0941,0.3259,0.7153,0.6389,0.5668,0.2294,0.1175,0.0136,0.0000,
2026-09-04T02:20:28,256x256,1.00e-03,32,0,class_weights.json,1,1.0998,0.2320,0.6196,0.6108,0.3937,0.0000,0.0000,0.0000,0.0000,corrida 2 resolucion 256
2026-09-04T02:20:32,256x256,1.00e-03,32,1,class_weights.json,1,0.5812,0.2378,0.6605,0.6976,0.2978,0.0000,0.0084,0.0000,0.0000,corrida 2 resolucion 256
2026-09-04T02:20:36,256x256,1.00e-03,32,2,class_weights.json,1,0.4337,0.3284,0.8681,0.8267,0.3131,0.2584,0.0324,0.0000,0.0000,corrida 2 resolucion 256
2026-09-04T02:20:40,256x256,1.00e-03,32,3,class_weights.json,1,0.3599,0.3173,0.8580,0.8480,0.3666,0.1170,0.0315,0.0000,0.0000,corrida 2 resolucion 256
2026-09-04T02:20:43,256x256,1.00e-03,32,4,class_weights.json,1,0.3425,0.3226,0.8236,0.8035,0.4308,0.1171,0.0689,0.0142,0.0000,corrida 2 resolucion 256
2026-09-04T02:20:47,256x256,1.00e-03,32,5,class_weights.json,1,0.3017,0.3053,0.8569,0.8044,0.2930,0.1572,0.0207,0.0046,0.0000,corrida 2 resolucion 256
2026-09-04T02:20:50,256x256,1.00e-03,32,6,class_weights.json,1,0.2861,0.3346,0.8259,0.7883,0.3346,0.3323,0.0463,0.0147,0.0000,corrida 2 resolucion 256
2026-09-04T02:20:54,256x256,1.00e-03,32,7,class_weights.json,1,0.2777,0.2519,0.6606,0.6524,0.2953,0.1181,0.0282,0.0085,0.0000,corrida 2 resolucion 256
2026-09-04T02:20:57,256x256,1.00e-03,32,8,class_weights.json,1,0.2619,0.3883,0.8714,0.8611,0.5163,0.3879,0.0724,0.0092,0.0000,corrida 2 resolucion 256
2026-09-04T02:21:01,256x256,1.00e-03,32,9,class_weights.json,1,0.2491,0.3377,0.8043,0.7683,0.3996,0.3070,0.0728,0.0120,0.0000,corrida 2 resolucion 256
2026-09-04T02:21:05,256x256,1.00e-03,32,10,class_weights.json,1,0.2607,0.3440,0.8200,0.7594,0.3053,0.3958,0.1100,0.0176,0.0000,corrida 2 resolucion 256
2026-09-04T02:21:08,256x256,1.00e-03,32,11,class_weights.json,1,0.2302,0.3435,0.8094,0.7485,0.4093,0.3227,0.1020,0.0125,0.0000,corrida 2 resolucion 256
2026-09-04T02:21:12,256x256,1.00e-03,32,12,class_weights.json,1,0.2204,0.2494,0.7700,0.6361,0.2278,0.0704,0.0313,0.0105,0.0000,corrida 2 resolucion 256
2026-09-04T02:21:15,256x256,1.00e-03,32,13,class_weights.json,1,0.2092,0.3934,0.8627,0.8258,0.4153,0.3843,0.2542,0.0118,0.0000,corrida 2 resolucion 256
2026-09-04T02:21:19,256x256,1.00e-03,32,14,class_weights.json,1,0.2172,0.3432,0.8222,0.7782,0.4152,0.2256,0.1441,0.0173,0.0000,corrida 2 resolucion 256
2026-09-04T02:21:23,256x256,1.00e-03,32,15,class_weights.json,1,0.2602,0.3054,0.7440,0.7168,0.3828,0.0607,0.2286,0.0051,0.0000,corrida 2 resolucion 256
2026-09-04T02:21:26,256x256,1.00e-03,32,16,class_weights.json,1,0.2290,0.3256,0.8270,0.7988,0.4741,0.0920,0.0720,0.0153,0.0000,corrida 2 resolucion 256
2026-09-04T02:21:30,256x256,1.00e-03,32,17,class_weights.json,1,0.2024,0.3985,0.8192,0.8001,0.5800,0.4425,0.1367,0.0111,0.0000,corrida 2 resolucion 256
2026-09-04T02:21:33,256x256,1.00e-03,32,18,class_weights.json,1,0.2067,0.3568,0.7902,0.7677,0.5364,0.2414,0.1560,0.0056,0.0000,corrida 2 resolucion 256
2026-09-04T02:21:37,256x256,1.00e-03,32,19,class_weights.json,1,0.1935,0.3457,0.7313,0.6612,0.5125,0.3962,0.1076,0.0114,0.0000,corrida 2 resolucion 256
2026-09-04T02:21:41,256x256,1.00e-03,32,20,class_weights.json,1,0.1890,0.3514,0.8038,0.7742,0.5659,0.1981,0.1054,0.0119,0.0001,corrida 2 resolucion 256
2026-09-04T02:21:44,256x256,1.00e-03,32,21,class_weights.json,1,0.1882,0.3436,0.7760,0.7294,0.5311,0.2614,0.0958,0.0114,0.0000,corrida 2 resolucion 256
2026-09-04T02:21:48,256x256,5.00e-04,32,22,class_weights.json,1,0.2194,0.3703,0.7605,0.7730,0.5483,0.2837,0.2158,0.0111,0.0000,corrida 2 resolucion 256
2026-09-04T02:21:51,256x256,5.00e-04,32,23,class_weights.json,1,0.1984,0.3854,0.7681,0.7234,0.4909,0.4279,0.2782,0.0087,0.0005,corrida 2 resolucion 256
2026-09-04T02:21:55,256x256,5.00e-04,32,24,class_weights.json,1,0.1714,0.3721,0.7589,0.7093,0.5571,0.3442,0.2237,0.0116,0.0000,corrida 2 resolucion 256
2026-09-04T02:21:59,256x256,5.00e-04,32,25,class_weights.json,1,0.1611,0.3562,0.7619,0.6832,0.4105,0.4334,0.1917,0.0129,0.0000,corrida 2 resolucion 256
2026-09-04T02:22:02,256x256,5.00e-04,32,26,class_weights.json,1,0.1622,0.3679,0.7876,0.7352,0.4045,0.4303,0.1970,0.0205,0.0000,corrida 2 resolucion 256
2026-09-04T02:22:06,256x256,2.50e-04,32,27,class_weights.json,1,0.1531,0.3024,0.7793,0.6289,0.4622,0.0176,0.2147,0.0145,0.0000,corrida 2 resolucion 256
2026-09-04T02:22:09,256x256,2.50e-04,32,28,class_weights.json,1,0.1472,0.3453,0.7867,0.7332,0.4543,0.2188,0.2098,0.0143,0.0000,corrida 2 resolucion 256
2026-09-04T02:22:13,256x256,2.50e-04,32,29,class_weights.json,1,0.1410,0.3288,0.7570,0.6972,0.5097,0.1168,0.2091,0.0120,0.0000,corrida 2 resolucion 256
2026-09-04T02:22:17,256x256,2.50e-04,32,30,class_weights.json,1,0.1431,0.3616,0.7899,0.7319,0.4055,0.3365,0.2579,0.0092,0.0000,corrida 2 resolucion 256
2026-09-04T02:22:20,256x256,2.50e-04,32,31,class_weights.json,1,0.1348,0.3632,0.7889,0.7441,0.4348,0.3553,0.2015,0.0180,0.0000,corrida 2 resolucion 256
2026-09-04T02:22:24,256x256,1.25e-04,32,32,class_weights.json,1,0.1323,0.3463,0.7828,0.7278,0.4058,0.2827,0.2090,0.0157,0.0000,corrida 2 resolucion 256
2026-09-04T02:22:28,256x256,1.25e-04,32,33,class_weights.json,1,0.1336,0.3207,0.7650,0.6837,0.3579,0.2464,0.1760,0.0160,0.0000,corrida 2 resolucion 256
2026-09-04T02:22:31,256x256,1.25e-04,32,34,class_weights.json,1,0.1258,0.3311,0.7530,0.6811,0.4254,0.2073,0.2376,0.0133,0.0000,corrida 2 resolucion 256
2026-09-04T02:22:35,256x256,1.25e-04,32,35,class_weights.json,1,0.1223,0.3120,0.7189,0.6231,0.4358,0.2091,0.1861,0.0112,0.0000,corrida 2 resolucion 256
2026-09-04T02:22:38,256x256,1.25e-04,32,36,class_weights.json,1,0.1210,0.3268,0.7469,0.6646,0.3917,0.2372,0.2351,0.0123,0.0000,corrida 2 resolucion 256
2026-09-04T02:22:42,256x256,6.25e-05,32,37,class_weights.json,1,0.1194,0.3115,0.7368,0.6573,0.4017,0.1999,0.1654,0.0190,0.0000,corrida 2 resolucion 256
2026-09-04T02:22:45,256x256,6.25e-05,32,38,class_weights.json,1,0.1248,0.2935,0.7424,0.6476,0.3538,0.1251,0.1717,0.0140,0.0000,corrida 2 resolucion 256
2026-09-04T02:22:49,256x256,6.25e-05,32,39,class_weights.json,1,0.1190,0.3161,0.7118,0.6164,0.4427,0.2095,0.2193,0.0127,0.0000,corrida 2 resolucion 256
2026-09-04T02:26:38,256x256,1.00e-03,32,0,class_weights.json,1/0.60,0.9845,0.2037,0.5666,0.4711,0.1218,0.2666,0.0000,0.0000,0.0000,corrida 3 aug recorte 0.6
2026-09-04T02:26:41,256x256,1.00e-03,32,1,class_weights.json,1/0.60,0.5300,0.2402,0.7563,0.6365,0.1901,0.0985,0.0000,0.0000,0.0000,corrida 3 aug recorte 0.6
2026-09-04T02:26:45,256x256,1.00e-03,32,2,class_weights.json,1/0.60,0.4087,0.2646,0.7642,0.7060,0.1772,0.1444,0.0605,0.0000,0.0000,corrida 3 aug recorte 0.6
2026-09-04T02:26:48,256x256,1.00e-03,32,3,class_weights.json,1/0.60,0.3738,0.2719,0.8072,0.7929,0.1775,0.1024,0.0230,0.0000,0.0000,corrida 3 aug recorte 0.6
2026-09-04T02:26:52,256x256,1.00e-03,32,4,class_weights.json,1/0.60,0.3411,0.3178,0.8103,0.7832,0.2783,0.3056,0.0390,0.0084,0.0000,corrida 3 aug recorte 0.6
2026-09-04T02:26:55,256x256,1.00e-03,32,5,class_weights.json,1/0.60,0.3035,0.2416,0.7185,0.5533,0.3735,0.0216,0.0213,0.0027,0.0000,corrida 3 aug recorte 0.6
2026-09-04T02:26:59,256x256,1.00e-03,32,6,class_weights.json,1/0.60,0.3226,0.3055,0.7497,0.7181,0.3895,0.1816,0.0907,0.0089,0.0000,corrida 3 aug recorte 0.6
2026-09-04T02:27:03,256x256,1.00e-03,32,7,class_weights.json,1/0.60,0.2927,0.3646,0.8323,0.8172,0.5387,0.1347,0.2189,0.0101,0.0000,corrida 3 aug recorte 0.6
2026-09-04T02:27:06,256x256,1.00e-03,32,8,class_weights.json,1/0.60,0.2775,0.3444,0.7966,0.7938,0.3653,0.0847,0.3610,0.0092,0.0000,corrida 3 aug recorte 0.6
2026-09-04T02:27:10,256x256,1.00e-03,32,9,class_weights.json,1/0.60,0.2684,0.2547,0.7585,0.7367,0.2001,0.0698,0.0106,0.0070,0.0000,corrida 3 aug recorte 0.6
2026-09-04T02:27:13,256x256,1.00e-03,32,10,class_weights.json,1/0.60,0.2750,0.2437,0.6047,0.6619,0.1448,0.1071,0.1805,0.0068,0.0000,corrida 3 aug recorte 0.6
2026-09-04T02:27:17,256x256,1.00e-03,32,11,class_weights.json,1/0.60,0.2949,0.3143,0.7909,0.7470,0.4273,0.1202,0.1021,0.0128,0.0000,corrida 3 aug recorte 0.6
2026-09-04T02:27:20,256x256,5.00e-04,32,12,class_weights.json,1/0.60,0.2678,0.3465,0.8070,0.7958,0.4577,0.2195,0.1332,0.0124,0.0000,corrida 3 aug recorte 0.6
2026-09-04T02:27:24,256x256,5.00e-04,32,13,class_weights.json,1/0.60,0.2377,0.3504,0.7857,0.7603,0.5209,0.1913,0.1855,0.0091,0.0000,corrida 3 aug recorte 0.6
2026-09-04T02:27:27,256x256,5.00e-04,32,14,class_weights.json,1/0.60,0.2190,0.3326,0.8150,0.7730,0.3817,0.1699,0.1724,0.0165,0.0000,corrida 3 aug recorte 0.6
2026-09-04T02:27:31,256x256,5.00e-04,32,15,class_weights.json,1/0.60,0.2209,0.3173,0.7830,0.7192,0.3500,0.1583,0.2002,0.0103,0.0000,corrida 3 aug recorte 0.6
2026-09-04T02:27:35,256x256,5.00e-04,32,16,class_weights.json,1/0.60,0.2082,0.2947,0.7605,0.6847,0.4284,0.1189,0.0665,0.0038,0.0000,corrida 3 aug recorte 0.6
2026-09-04T02:27:38,256x256,2.50e-04,32,17,class_weights.json,1/0.60,0.2163,0.3038,0.7021,0.6147,0.4219,0.1007,0.2656,0.0216,0.0000,corrida 3 aug recorte 0.6
2026-09-04T02:27:42,256x256,2.50e-04,32,18,class_weights.json,1/0.60,0.2064,0.3700,0.8372,0.7980,0.4865,0.2071,0.2541,0.0072,0.0000,corrida 3 aug recorte 0.6
2026-09-04T02:27:45,256x256,2.50e-04,32,19,class_weights.json,1/0.60,0.1843,0.3466,0.8095,0.7741,0.4071,0.2062,0.2054,0.0236,0.0000,corrida 3 aug recorte 0.6
2026-09-04T02:27:49,256x256,2.50e-04,32,20,class_weights.json,1/0.60,0.1863,0.3287,0.8091,0.7623,0.4387,0.1727,0.1076,0.0102,0.0000,corrida 3 aug recorte 0.6
2026-09-04T02:27:53,256x256,2.50e-04,32,21,class_weights.json,1/0.60,0.1852,0.3391,0.7974,0.7300,0.4414,0.1870,0.2144,0.0033,0.0000,corrida 3 aug recorte 0.6
2026-09-04T02:27:56,256x256,2.50e-04,32,22,class_weights.json,1/0.60,0.1740,0.3414,0.7692,0.7019,0.4433,0.2465,0.2124,0.0162,0.0000,corrida 3 aug recorte 0.6
2026-09-04T02:28:00,256x256,1.25e-04,32,23,class_weights.json,1/0.60,0.1858,0.3439,0.8058,0.7656,0.4979,0.1531,0.1715,0.0135,0.0000,corrida 3 aug recorte 0.6
2026-09-04T02:28:03,256x256,1.25e-04,32,24,class_weights.json,1/0.60,0.1793,0.3444,0.8105,0.7726,0.4646,0.1412,0.1986,0.0232,0.0000,corrida 3 aug recorte 0.6
2026-09-04T02:28:07,256x256,1.25e-04,32,25,class_weights.json,1/0.60,0.1693,0.3342,0.7937,0.7346,0.4730,0.1387,0.1861,0.0134,0.0000,corrida 3 aug recorte 0.6
2026-09-04T02:28:10,256x256,1.25e-04,32,26,class_weights.json,1/0.60,0.1724,0.3324,0.8054,0.7577,0.4881,0.1179,0.1437,0.0141,0.0000,corrida 3 aug recorte 0.6
2026-09-04T02:28:14,256x256,1.25e-04,32,27,class_weights.json,1/0.60,0.1647,0.3294,0.8066,0.7574,0.3936,0.1376,0.1965,0.0142,0.0000,corrida 3 aug recorte 0.6
2026-09-04T02:28:18,256x256,6.25e-05,32,28,class_weights.json,1/0.60,0.1646,0.3375,0.7689,0.7086,0.4899,0.1699,0.2160,0.0095,0.0000,corrida 3 aug recorte 0.6
2026-09-04T02:28:21,256x256,6.25e-05,32,29,class_weights.json,1/0.60,0.1634,0.3588,0.8227,0.7848,0.4570,0.1844,0.2489,0.0137,0.0000,corrida 3 aug recorte 0.6
2026-09-04T02:28:25,256x256,6.25e-05,32,30,class_weights.json,1/0.60,0.1615,0.3119,0.7745,0.7023,0.4014,0.1268,0.1683,0.0100,0.0000,corrida 3 aug recorte 0.6
2026-09-04T02:28:28,256x256,6.25e-05,32,31,class_weights.json,1/0.60,0.1593,0.3277,0.7996,0.7412,0.4227,0.1233,0.1956,0.0111,0.0000,corrida 3 aug recorte 0.6
2026-09-04T02:28:32,256x256,6.25e-05,32,32,class_weights.json,1/0.60,0.1584,0.3385,0.8213,0.7802,0.4422,0.1371,0.1803,0.0086,0.0000,corrida 3 aug recorte 0.6
2026-09-04T02:28:35,256x256,3.13e-05,32,33,class_weights.json,1/0.60,0.1667,0.3239,0.7892,0.7433,0.4156,0.1144,0.1940,0.0106,0.0000,corrida 3 aug recorte 0.6
2026-09-04T02:28:39,256x256,3.13e-05,32,34,class_weights.json,1/0.60,0.1560,0.3388,0.7991,0.7533,0.4484,0.1441,0.2159,0.0106,0.0000,corrida 3 aug recorte 0.6
2026-09-04T02:28:43,256x256,3.13e-05,32,35,class_weights.json,1/0.60,0.1554,0.3185,0.7802,0.7148,0.4106,0.1331,0.1808,0.0096,0.0000,corrida 3 aug recorte 0.6
2026-09-04T02:28:46,256x256,3.13e-05,32,36,class_weights.json,1/0.60,0.1590,0.3239,0.7883,0.7267,0.4022,0.1434,0.1978,0.0088,0.0000,corrida 3 aug recorte 0.6
2026-09-04T02:28:50,256x256,3.13e-05,32,37,class_weights.json,1/0.60,0.1541,0.3172,0.7571,0.6833,0.4157,0.1607,0.1940,0.0093,0.0000,corrida 3 aug recorte 0.6
2026-09-04T02:28:53,256x256,1.56e-05,32,38,class_weights.json,1/0.60,0.1516,0.3537,0.8133,0.7778,0.4358,0.2004,0.2384,0.0100,0.0000,corrida 3 aug recorte 0.6
2026-09-04T02:28:57,256x256,1.56e-05,32,39,class_weights.json,1/0.60,0.1568,0.3296,0.7896,0.7390,0.4154,0.1661,0.1869,0.0106,0.0000,corrida 3 aug recorte 0.6
2026-09-04T02:29:00,256x256,1.56e-05,32,40,class_weights.json,1/0.60,0.1516,0.3282,0.7914,0.7369,0.4014,0.1686,0.1898,0.0096,0.0000,corrida 3 aug recorte 0.6
2026-09-04T02:29:04,256x256,1.56e-05,32,41,class_weights.json,1/0.60,0.1493,0.3159,0.7869,0.7309,0.3971,0.1296,0.1577,0.0089,0.0000,corrida 3 aug recorte 0.6
2026-09-04T02:29:08,256x256,1.56e-05,32,42,class_weights.json,1/0.60,0.1478,0.3339,0.7964,0.7461,0.4204,0.1566,0.2089,0.0090,0.0000,corrida 3 aug recorte 0.6
2026-09-04T02:29:11,256x256,7.81e-06,32,43,class_weights.json,1/0.60,0.1479,0.3447,0.8073,0.7646,0.4583,0.1449,0.2269,0.0110,0.0000,corrida 3 aug recorte 0.6
2026-09-04T02:29:15,256x256,7.81e-06,32,44,class_weights.json,1/0.60,0.1558,0.3144,0.7683,0.6966,0.3996,0.1426,0.1858,0.0080,0.0000,corrida 3 aug recorte 0.6
2026-09-04T02:29:18,256x256,7.81e-06,32,45,class_weights.json,1/0.60,0.1520,0.3337,0.8131,0.7671,0.4291,0.1417,0.1766,0.0083,0.0000,corrida 3 aug recorte 0.6
2026-09-04T02:29:22,256x256,7.81e-06,32,46,class_weights.json,1/0.60,0.1474,0.3316,0.8037,0.7516,0.4336,0.1526,0.1712,0.0085,0.0000,corrida 3 aug recorte 0.6
2026-09-04T02:29:26,256x256,7.81e-06,32,47,class_weights.json,1/0.60,0.1533,0.3286,0.8071,0.7585,0.4142,0.1359,0.1755,0.0091,0.0000,corrida 3 aug recorte 0.6
2026-09-04T02:29:29,256x256,3.91e-06,32,48,class_weights.json,1/0.60,0.1484,0.3143,0.7755,0.7095,0.4021,0.1446,0.1597,0.0088,0.0000,corrida 3 aug recorte 0.6
2026-09-04T02:29:33,256x256,3.91e-06,32,49,class_weights.json,1/0.60,0.1485,0.3311,0.7990,0.7506,0.4223,0.1478,0.1895,0.0086,0.0000,corrida 3 aug recorte 0.6
2026-09-04T02:29:36,256x256,3.91e-06,32,50,class_weights.json,1/0.60,0.1508,0.3339,0.8048,0.7559,0.4120,0.1587,0.1981,0.0079,0.0000,corrida 3 aug recorte 0.6
2026-09-04T02:29:40,256x256,3.91e-06,32,51,class_weights.json,1/0.60,0.1470,0.3210,0.7738,0.7087,0.4166,0.1391,0.1996,0.0093,0.0000,corrida 3 aug recorte 0.6
2026-09-04T02:29:43,256x256,3.91e-06,32,52,class_weights.json,1/0.60,0.1482,0.3276,0.7842,0.7254,0.4209,0.1662,0.1877,0.0086,0.0000,corrida 3 aug recorte 0.6
2026-09-04T02:29:47,256x256,1.95e-06,32,53,class_weights.json,1/0.60,0.1474,0.3329,0.8002,0.7487,0.4203,0.1515,0.2010,0.0087,0.0000,corrida 3 aug recorte 0.6
2026-09-04T02:29:51,256x256,1.95e-06,32,54,class_weights.json,1/0.60,0.1489,0.3331,0.8019,0.7622,0.4256,0.1510,0.1820,0.0091,0.0000,corrida 3 aug recorte 0.6
2026-09-04T02:29:54,256x256,1.95e-06,32,55,class_weights.json,1/0.60,0.1476,0.3358,0.7972,0.7484,0.4246,0.1509,0.2208,0.0088,0.0000,corrida 3 aug recorte 0.6
2026-09-04T02:29:58,256x256,1.95e-06,32,56,class_weights.json,1/0.60,0.1484,0.3295,0.7970,0.7497,0.4128,0.1267,0.2102,0.0105,0.0000,corrida 3 aug recorte 0.6
2026-09-04T02:30:01,256x256,1.95e-06,32,57,class_weights.json,1/0.60,0.1503,0.3262,0.7861,0.7288,0.4057,0.1709,0.1838,0.0084,0.0000,corrida 3 aug recorte 0.6
2026-09-04T02:30:05,256x256,9.77e-07,32,58,class_weights.json,1/0.60,0.1517,0.3225,0.7937,0.7390,0.4047,0.1329,0.1786,0.0086,0.0000,corrida 3 aug recorte 0.6
2026-09-04T02:30:09,256x256,9.77e-07,32,59,class_weights.json,1/0.60,0.1480,0.3355,0.8006,0.7542,0.4045,0.1676,0.2130,0.0087,0.0000,corrida 3 aug recorte 0.6
2026-09-04T02:32:44,256x256,1.00e-03,32,0,class_weights.json,1/0.85,1.0458,0.2693,0.6850,0.7308,0.4526,0.0163,0.0005,0.0000,0.0000,corrida 4 recorte suave 0.85
2026-09-04T02:32:48,256x256,1.00e-03,32,1,class_weights.json,1/0.85,0.5221,0.3020,0.6935,0.7422,0.3743,0.1946,0.1094,0.0000,0.0000,corrida 4 recorte suave 0.85
2026-09-04T02:32:51,256x256,1.00e-03,32,2,class_weights.json,1/0.85,0.4023,0.2650,0.7124,0.6162,0.3439,0.1618,0.0211,0.0000,0.0000,corrida 4 recorte suave 0.85
2026-09-04T02:32:55,256x256,1.00e-03,32,3,class_weights.json,1/0.85,0.3570,0.3267,0.8101,0.7903,0.3784,0.2325,0.0752,0.0001,0.0000,corrida 4 recorte suave 0.85
2026-09-04T02:32:58,256x256,1.00e-03,32,4,class_weights.json,1/0.85,0.3337,0.2669,0.7833,0.6814,0.1488,0.1979,0.0567,0.0001,0.0000,corrida 4 recorte suave 0.85
2026-09-04T02:33:02,256x256,1.00e-03,32,5,class_weights.json,1/0.85,0.2873,0.2407,0.6923,0.5486,0.2994,0.1309,0.0087,0.0053,0.0000,corrida 4 recorte suave 0.85
2026-09-04T02:33:06,256x256,1.00e-03,32,6,class_weights.json,1/0.85,0.2939,0.3106,0.7973,0.7508,0.3474,0.1848,0.0845,0.0098,0.0000,corrida 4 recorte suave 0.85
2026-09-04T02:33:09,256x256,1.00e-03,32,7,class_weights.json,1/0.85,0.2717,0.3430,0.7487,0.7504,0.3963,0.3977,0.1052,0.0029,0.0000,corrida 4 recorte suave 0.85
2026-09-04T02:33:13,256x256,1.00e-03,32,8,class_weights.json,1/0.85,0.2511,0.3699,0.8183,0.8048,0.4890,0.3157,0.1486,0.0130,0.0000,corrida 4 recorte suave 0.85
2026-09-04T02:33:17,256x256,1.00e-03,32,9,class_weights.json,1/0.85,0.2337,0.2936,0.7632,0.6815,0.3709,0.1686,0.0560,0.0148,0.0000,corrida 4 recorte suave 0.85
2026-09-04T02:33:20,256x256,1.00e-03,32,10,class_weights.json,1/0.85,0.2996,0.1683,0.6214,0.4423,0.0562,0.0134,0.0432,0.0015,0.0000,corrida 4 recorte suave 0.85
2026-09-04T02:33:24,256x256,1.00e-03,32,11,class_weights.json,1/0.85,0.3421,0.3196,0.8314,0.8043,0.3269,0.1823,0.0899,0.0026,0.0000,corrida 4 recorte suave 0.85
2026-09-04T02:33:27,256x256,1.00e-03,32,12,class_weights.json,1/0.85,0.2879,0.3300,0.8139,0.8252,0.5118,0.1117,0.0422,0.0050,0.0000,corrida 4 recorte suave 0.85
2026-09-04T02:33:31,256x256,5.00e-04,32,13,class_weights.json,1/0.85,0.2614,0.3083,0.7538,0.7810,0.4971,0.0539,0.0663,0.0062,0.0000,corrida 4 recorte suave 0.85
2026-09-04T02:33:34,256x256,5.00e-04,32,14,class_weights.json,1/0.85,0.2310,0.3289,0.7529,0.7076,0.4684,0.2650,0.1001,0.0082,0.0000,corrida 4 recorte suave 0.85
2026-09-04T02:33:38,256x256,5.00e-04,32,15,class_weights.json,1/0.85,0.2168,0.3171,0.7628,0.6891,0.3694,0.2783,0.1092,0.0108,0.0000,corrida 4 recorte suave 0.85
2026-09-04T02:33:42,256x256,5.00e-04,32,16,class_weights.json,1/0.85,0.2146,0.3116,0.7704,0.7414,0.3824,0.1923,0.0889,0.0056,0.0000,corrida 4 recorte suave 0.85
2026-09-04T02:33:45,256x256,5.00e-04,32,17,class_weights.json,1/0.85,0.2204,0.3343,0.7623,0.6996,0.4750,0.1385,0.2578,0.0071,0.0000,corrida 4 recorte suave 0.85
2026-09-04T02:33:49,256x256,2.50e-04,32,18,class_weights.json,1/0.85,0.2007,0.3214,0.7460,0.6723,0.4629,0.2518,0.1062,0.0107,0.0000,corrida 4 recorte suave 0.85
2026-09-04T02:33:53,256x256,2.50e-04,32,19,class_weights.json,1/0.85,0.1905,0.3105,0.7239,0.6389,0.4277,0.2493,0.1214,0.0122,0.0000,corrida 4 recorte suave 0.85
2026-09-04T02:33:56,256x256,2.50e-04,32,20,class_weights.json,1/0.85,0.1932,0.3170,0.7274,0.6771,0.5085,0.1905,0.1045,0.0107,0.0000,corrida 4 recorte suave 0.85
2026-09-04T02:34:00,256x256,2.50e-04,32,21,class_weights.json,1/0.85,0.1870,0.3405,0.7566,0.6984,0.5035,0.2628,0.1534,0.0087,0.0000,corrida 4 recorte suave 0.85
2026-09-04T02:34:03,256x256,2.50e-04,32,22,class_weights.json,1/0.85,0.1808,0.2934,0.6944,0.5875,0.4552,0.2020,0.1067,0.0078,0.0000,corrida 4 recorte suave 0.85
2026-09-04T02:34:07,256x256,1.25e-04,32,23,class_weights.json,1/0.85,0.1772,0.2809,0.6847,0.5647,0.4701,0.0844,0.1537,0.0088,0.0000,corrida 4 recorte suave 0.85
2026-09-04T02:34:11,256x256,1.25e-04,32,24,class_weights.json,1/0.85,0.1713,0.2875,0.6778,0.5635,0.4564,0.1487,0.1545,0.0117,0.0000,corrida 4 recorte suave 0.85
2026-09-04T02:34:14,256x256,1.25e-04,32,25,class_weights.json,1/0.85,0.1664,0.3251,0.7020,0.6220,0.5258,0.2623,0.1521,0.0117,0.0000,corrida 4 recorte suave 0.85
2026-09-04T02:34:18,256x256,1.25e-04,32,26,class_weights.json,1/0.85,0.1669,0.3205,0.6933,0.6012,0.5303,0.2620,0.1469,0.0099,0.0000,corrida 4 recorte suave 0.85
2026-09-04T02:34:21,256x256,1.25e-04,32,27,class_weights.json,1/0.85,0.1664,0.3036,0.7075,0.6144,0.4339,0.2308,0.1252,0.0138,0.0000,corrida 4 recorte suave 0.85
2026-09-04T02:34:25,256x256,6.25e-05,32,28,class_weights.json,1/0.85,0.1783,0.3412,0.7473,0.6839,0.4899,0.2983,0.1534,0.0158,0.0000,corrida 4 recorte suave 0.85
2026-09-04T02:34:29,256x256,6.25e-05,32,29,class_weights.json,1/0.85,0.1653,0.3179,0.7110,0.6174,0.4434,0.2961,0.1406,0.0166,0.0000,corrida 4 recorte suave 0.85
2026-09-04T02:34:32,256x256,6.25e-05,32,30,class_weights.json,1/0.85,0.1599,0.3479,0.7299,0.6596,0.5100,0.3380,0.1807,0.0172,0.0000,corrida 4 recorte suave 0.85
2026-09-04T02:34:36,256x256,6.25e-05,32,31,class_weights.json,1/0.85,0.1592,0.2724,0.6747,0.5386,0.4696,0.0864,0.1220,0.0154,0.0000,corrida 4 recorte suave 0.85
2026-09-04T02:34:39,256x256,6.25e-05,32,32,class_weights.json,1/0.85,0.1575,0.2813,0.6710,0.5470,0.5210,0.1184,0.1005,0.0108,0.0000,corrida 4 recorte suave 0.85
2026-09-04T02:34:43,256x256,3.13e-05,32,33,class_weights.json,1/0.85,0.1587,0.2819,0.6903,0.5774,0.4847,0.1031,0.1030,0.0148,0.0000,corrida 4 recorte suave 0.85
2026-09-04T02:34:46,256x256,3.13e-05,32,34,class_weights.json,1/0.85,0.1529,0.2956,0.6934,0.5922,0.4889,0.1624,0.1178,0.0142,0.0000,corrida 4 recorte suave 0.85
2026-09-04T02:34:50,256x256,3.13e-05,32,35,class_weights.json,1/0.85,0.1514,0.3009,0.7053,0.6107,0.5107,0.1382,0.1280,0.0136,0.0000,corrida 4 recorte suave 0.85
2026-09-04T02:34:54,256x256,3.13e-05,32,36,class_weights.json,1/0.85,0.1490,0.2754,0.6775,0.5486,0.4474,0.1362,0.1035,0.0150,0.0000,corrida 4 recorte suave 0.85
2026-09-04T02:34:57,256x256,3.13e-05,32,37,class_weights.json,1/0.85,0.1541,0.2822,0.6672,0.5378,0.4811,0.1660,0.1083,0.0148,0.0000,corrida 4 recorte suave 0.85
2026-09-04T02:35:01,256x256,1.56e-05,32,38,class_weights.json,1/0.85,0.1524,0.2851,0.6845,0.5686,0.4806,0.1435,0.1044,0.0142,0.0000,corrida 4 recorte suave 0.85
2026-09-04T02:35:04,256x256,1.56e-05,32,39,class_weights.json,1/0.85,0.1483,0.2891,0.6774,0.5616,0.4834,0.1694,0.1183,0.0138,0.0000,corrida 4 recorte suave 0.85
2026-09-04T02:35:08,256x256,1.56e-05,32,40,class_weights.json,1/0.85,0.1504,0.2781,0.6755,0.5471,0.4403,0.1459,0.1226,0.0150,0.0000,corrida 4 recorte suave 0.85
2026-09-04T02:35:12,256x256,1.56e-05,32,41,class_weights.json,1/0.85,0.1486,0.2804,0.6817,0.5579,0.4741,0.1109,0.1250,0.0135,0.0000,corrida 4 recorte suave 0.85
2026-09-04T02:35:15,256x256,1.56e-05,32,42,class_weights.json,1/0.85,0.1497,0.2765,0.6825,0.5540,0.4783,0.0898,0.1172,0.0134,0.0000,corrida 4 recorte suave 0.85
2026-09-04T02:35:19,256x256,7.81e-06,32,43,class_weights.json,1/0.85,0.1507,0.2826,0.6805,0.5580,0.4887,0.1120,0.1267,0.0123,0.0000,corrida 4 recorte suave 0.85
2026-09-04T02:35:23,256x256,7.81e-06,32,44,class_weights.json,1/0.85,0.1503,0.2837,0.6796,0.5592,0.4785,0.1252,0.1312,0.0123,0.0000,corrida 4 recorte suave 0.85
2026-09-04T02:35:26,256x256,7.81e-06,32,45,class_weights.json,1/0.85,0.1490,0.2766,0.6598,0.5198,0.4810,0.1476,0.1151,0.0130,0.0000,corrida 4 recorte suave 0.85
2026-09-04T02:35:30,256x256,7.81e-06,32,46,class_weights.json,1/0.85,0.1498,0.2909,0.6785,0.5605,0.4764,0.1916,0.1152,0.0140,0.0000,corrida 4 recorte suave 0.85
2026-09-04T02:35:33,256x256,7.81e-06,32,47,class_weights.json,1/0.85,0.1493,0.2821,0.6844,0.5607,0.4619,0.1318,0.1228,0.0135,0.0000,corrida 4 recorte suave 0.85
2026-09-04T02:35:37,256x256,3.91e-06,32,48,class_weights.json,1/0.85,0.1513,0.2873,0.6924,0.5772,0.4844,0.1242,0.1197,0.0132,0.0000,corrida 4 recorte suave 0.85
2026-09-04T02:35:40,256x256,3.91e-06,32,49,class_weights.json,1/0.85,0.1481,0.2723,0.6705,0.5357,0.4832,0.0985,0.1048,0.0131,0.0000,corrida 4 recorte suave 0.85
2026-09-04T02:35:44,256x256,3.91e-06,32,50,class_weights.json,1/0.85,0.1497,0.2919,0.6903,0.5809,0.4868,0.1507,0.1208,0.0140,0.0000,corrida 4 recorte suave 0.85
2026-09-04T02:35:48,256x256,3.91e-06,32,51,class_weights.json,1/0.85,0.1516,0.2681,0.6678,0.5304,0.4538,0.1092,0.1013,0.0141,0.0000,corrida 4 recorte suave 0.85
2026-09-04T02:35:51,256x256,3.91e-06,32,52,class_weights.json,1/0.85,0.1474,0.2818,0.6949,0.5817,0.4650,0.1003,0.1170,0.0139,0.0000,corrida 4 recorte suave 0.85
2026-09-04T02:35:55,256x256,1.95e-06,32,53,class_weights.json,1/0.85,0.1443,0.2837,0.6813,0.5612,0.4678,0.1401,0.1219,0.0135,0.0000,corrida 4 recorte suave 0.85
2026-09-04T02:35:59,256x256,1.95e-06,32,54,class_weights.json,1/0.85,0.1462,0.2853,0.7025,0.5946,0.4512,0.1194,0.1151,0.0144,0.0000,corrida 4 recorte suave 0.85
2026-09-04T02:36:02,256x256,1.95e-06,32,55,class_weights.json,1/0.85,0.1508,0.2759,0.6695,0.5381,0.4798,0.1222,0.1078,0.0139,0.0000,corrida 4 recorte suave 0.85
2026-09-04T02:36:06,256x256,1.95e-06,32,56,class_weights.json,1/0.85,0.1480,0.2719,0.6678,0.5317,0.4584,0.1330,0.0982,0.0142,0.0000,corrida 4 recorte suave 0.85
2026-09-04T02:36:09,256x256,1.95e-06,32,57,class_weights.json,1/0.85,0.1482,0.2884,0.6915,0.5809,0.4790,0.1227,0.1303,0.0144,0.0000,corrida 4 recorte suave 0.85
2026-09-04T02:36:13,256x256,9.77e-07,32,58,class_weights.json,1/0.85,0.1488,0.2784,0.6790,0.5527,0.4818,0.1089,0.1135,0.0129,0.0000,corrida 4 recorte suave 0.85
2026-09-04T02:36:17,256x256,9.77e-07,32,59,class_weights.json,1/0.85,0.1466,0.2943,0.7089,0.6065,0.4982,0.0949,0.1368,0.0146,0.0000,corrida 4 recorte suave 0.85
2026-09-04T02:39:44,256x256,1.00e-03,32,0,p0.75,1/1.00,1.0128,0.0962,0.4173,0.2036,0.0435,0.0026,0.0011,0.0052,0.0000,corrida 5 pesos p0.75
2026-09-04T02:39:47,256x256,1.00e-03,32,1,p0.75,1/1.00,0.6243,0.2854,0.6716,0.7106,0.5438,0.0410,0.0306,0.0005,0.0000,corrida 5 pesos p0.75
2026-09-04T02:39:51,256x256,1.00e-03,32,2,p0.75,1/1.00,0.4762,0.2158,0.4628,0.5769,0.2088,0.0069,0.2527,0.0022,0.0000,corrida 5 pesos p0.75
2026-09-04T02:39:54,256x256,1.00e-03,32,3,p0.75,1/1.00,0.4859,0.3229,0.8102,0.7993,0.4007,0.0583,0.1840,0.0078,0.0000,corrida 5 pesos p0.75
2026-09-04T02:39:58,256x256,1.00e-03,32,4,p0.75,1/1.00,0.4096,0.2097,0.6030,0.5398,0.2649,0.0228,0.0348,0.0028,0.0000,corrida 5 pesos p0.75
2026-09-04T02:40:01,256x256,1.00e-03,32,5,p0.75,1/1.00,0.4279,0.3025,0.7445,0.7345,0.3844,0.0528,0.1922,0.0094,0.0000,corrida 5 pesos p0.75
2026-09-04T02:40:05,256x256,1.00e-03,32,6,p0.75,1/1.00,0.3344,0.3086,0.8412,0.8142,0.3142,0.0732,0.1037,0.0139,0.0000,corrida 5 pesos p0.75
2026-09-04T02:40:08,256x256,1.00e-03,32,7,p0.75,1/1.00,0.3365,0.3163,0.7847,0.7944,0.4082,0.0536,0.1639,0.0094,0.0000,corrida 5 pesos p0.75
2026-09-04T02:40:12,256x256,5.00e-04,32,8,p0.75,1/1.00,0.2997,0.3022,0.8140,0.7726,0.2977,0.0914,0.1176,0.0219,0.0000,corrida 5 pesos p0.75
2026-09-04T02:40:15,256x256,5.00e-04,32,9,p0.75,1/1.00,0.2801,0.3070,0.8227,0.7382,0.3395,0.0832,0.1531,0.0120,0.0000,corrida 5 pesos p0.75
2026-09-04T02:40:19,256x256,5.00e-04,32,10,p0.75,1/1.00,0.2469,0.3132,0.8028,0.7331,0.3800,0.0843,0.1812,0.0108,0.0000,corrida 5 pesos p0.75
2026-09-04T02:40:23,256x256,5.00e-04,32,11,p0.75,1/1.00,0.2288,0.3188,0.7987,0.7602,0.4235,0.0661,0.1745,0.0087,0.0000,corrida 5 pesos p0.75
2026-09-04T02:40:26,256x256,5.00e-04,32,12,p0.75,1/1.00,0.2244,0.3091,0.8249,0.7643,0.4120,0.0875,0.0570,0.0179,0.0000,corrida 5 pesos p0.75
2026-09-04T02:40:30,256x256,5.00e-04,32,13,p0.75,1/1.00,0.2147,0.3309,0.8122,0.7599,0.5062,0.1714,0.0520,0.0145,0.0000,corrida 5 pesos p0.75
2026-09-04T02:40:33,256x256,5.00e-04,32,14,p0.75,1/1.00,0.2190,0.3043,0.7944,0.7269,0.3493,0.1544,0.0781,0.0272,0.0000,corrida 5 pesos p0.75
2026-09-04T02:40:37,256x256,5.00e-04,32,15,p0.75,1/1.00,0.2063,0.3073,0.7376,0.6573,0.5438,0.0895,0.1040,0.0190,0.0000,corrida 5 pesos p0.75
2026-09-04T02:40:40,256x256,5.00e-04,32,16,p0.75,1/1.00,0.2182,0.3157,0.7983,0.7294,0.4014,0.1447,0.1188,0.0173,0.0000,corrida 5 pesos p0.75
2026-09-04T02:40:44,256x256,5.00e-04,32,17,p0.75,1/1.00,0.2094,0.3101,0.8149,0.7623,0.4677,0.0757,0.0373,0.0130,0.0000,corrida 5 pesos p0.75
2026-09-04T02:40:47,256x256,2.50e-04,32,18,p0.75,1/1.00,0.2317,0.2991,0.7959,0.7382,0.3288,0.0774,0.1386,0.0149,0.0000,corrida 5 pesos p0.75
2026-09-04T02:40:51,256x256,2.50e-04,32,19,p0.75,1/1.00,0.2096,0.3219,0.8099,0.7640,0.4375,0.1685,0.0608,0.0126,0.0000,corrida 5 pesos p0.75
2026-09-04T02:40:55,256x256,2.50e-04,32,20,p0.75,1/1.00,0.1817,0.3269,0.7798,0.7277,0.4937,0.1321,0.1353,0.0197,0.0000,corrida 5 pesos p0.75
2026-09-04T02:40:58,256x256,2.50e-04,32,21,p0.75,1/1.00,0.1717,0.3013,0.7529,0.6633,0.3543,0.1346,0.1856,0.0184,0.0000,corrida 5 pesos p0.75
2026-09-04T02:41:02,256x256,2.50e-04,32,22,p0.75,1/1.00,0.1804,0.2728,0.7992,0.7142,0.2504,0.0869,0.0427,0.0164,0.0000,corrida 5 pesos p0.75
2026-09-04T02:41:05,256x256,1.25e-04,32,23,p0.75,1/1.00,0.1792,0.3195,0.8096,0.7388,0.3920,0.1456,0.1381,0.0125,0.0000,corrida 5 pesos p0.75
2026-09-04T02:41:09,256x256,1.25e-04,32,24,p0.75,1/1.00,0.1627,0.3116,0.7921,0.7224,0.3904,0.1447,0.1124,0.0192,0.0000,corrida 5 pesos p0.75
2026-09-04T02:41:12,256x256,1.25e-04,32,25,p0.75,1/1.00,0.1608,0.3159,0.7870,0.7132,0.3624,0.1601,0.1664,0.0220,0.0000,corrida 5 pesos p0.75
2026-09-04T02:41:16,256x256,1.25e-04,32,26,p0.75,1/1.00,0.1553,0.3269,0.7941,0.7370,0.3924,0.1603,0.1841,0.0207,0.0000,corrida 5 pesos p0.75
2026-09-04T02:41:20,256x256,1.25e-04,32,27,p0.75,1/1.00,0.1576,0.3275,0.7722,0.7100,0.4210,0.1504,0.2126,0.0263,0.0000,corrida 5 pesos p0.75
2026-09-04T02:41:23,256x256,6.25e-05,32,28,p0.75,1/1.00,0.1517,0.3243,0.7847,0.7131,0.4066,0.1676,0.1791,0.0189,0.0000,corrida 5 pesos p0.75
2026-09-04T02:41:27,256x256,6.25e-05,32,29,p0.75,1/1.00,0.1517,0.3277,0.7978,0.7325,0.3783,0.1617,0.2016,0.0218,0.0000,corrida 5 pesos p0.75
2026-09-04T02:41:30,256x256,6.25e-05,32,30,p0.75,1/1.00,0.1513,0.3197,0.7809,0.7163,0.3856,0.1793,0.1529,0.0227,0.0000,corrida 5 pesos p0.75
2026-09-04T02:41:34,256x256,6.25e-05,32,31,p0.75,1/1.00,0.1474,0.3141,0.7968,0.7231,0.3531,0.1481,0.1585,0.0192,0.0000,corrida 5 pesos p0.75
2026-09-04T02:41:37,256x256,6.25e-05,32,32,p0.75,1/1.00,0.1469,0.3056,0.7935,0.7266,0.3573,0.1371,0.1000,0.0246,0.0000,corrida 5 pesos p0.75
2026-09-04T02:41:41,256x256,3.13e-05,32,33,p0.75,1/1.00,0.1487,0.3128,0.7877,0.7275,0.3939,0.1578,0.0974,0.0252,0.0000,corrida 5 pesos p0.75
2026-09-04T02:41:44,256x256,3.13e-05,32,34,p0.75,1/1.00,0.1447,0.3078,0.7747,0.7017,0.3882,0.1601,0.1064,0.0238,0.0000,corrida 5 pesos p0.75
2026-09-04T02:41:48,256x256,3.13e-05,32,35,p0.75,1/1.00,0.1437,0.3220,0.7907,0.7295,0.4179,0.1564,0.1354,0.0244,0.0000,corrida 5 pesos p0.75
2026-09-04T02:41:52,256x256,3.13e-05,32,36,p0.75,1/1.00,0.1393,0.3169,0.7721,0.7049,0.4198,0.1636,0.1334,0.0245,0.0000,corrida 5 pesos p0.75
2026-09-04T02:41:55,256x256,3.13e-05,32,37,p0.75,1/1.00,0.1394,0.3190,0.7832,0.7137,0.4044,0.1605,0.1482,0.0228,0.0000,corrida 5 pesos p0.75
2026-09-04T02:41:59,256x256,1.56e-05,32,38,p0.75,1/1.00,0.1430,0.3074,0.7855,0.7135,0.3649,0.1466,0.1178,0.0233,0.0000,corrida 5 pesos p0.75
2026-09-04T02:42:02,256x256,1.56e-05,32,39,p0.75,1/1.00,0.1392,0.3132,0.7905,0.7266,0.3890,0.1339,0.1289,0.0234,0.0000,corrida 5 pesos p0.75
2026-09-04T02:43:51,256x256,1.00e-03,32,0,p0.35,1/1.00,1.0263,0.2243,0.6607,0.5899,0.3193,0.0000,0.0000,0.0000,0.0000,corrida 6 pesos p0.35
2026-09-04T02:43:54,256x256,1.00e-03,32,1,p0.35,1/1.00,0.4736,0.2830,0.7163,0.7457,0.4952,0.0000,0.0241,0.0000,0.0000,corrida 6 pesos p0.35
2026-09-04T02:43:58,256x256,1.00e-03,32,2,p0.35,1/1.00,0.3359,0.2969,0.8180,0.8103,0.4497,0.0005,0.0000,0.0000,0.0000,corrida 6 pesos p0.35
2026-09-04T02:44:02,256x256,1.00e-03,32,3,p0.35,1/1.00,0.3007,0.2532,0.7638,0.6699,0.2005,0.0679,0.0704,0.0000,0.0000,corrida 6 pesos p0.35
2026-09-04T02:44:05,256x256,1.00e-03,32,4,p0.35,1/1.00,0.2860,0.2965,0.7235,0.7027,0.3023,0.2937,0.0530,0.0000,0.0000,corrida 6 pesos p0.35
2026-09-04T02:44:09,256x256,1.00e-03,32,5,p0.35,1/1.00,0.2525,0.3354,0.7834,0.7287,0.4455,0.3618,0.0285,0.0000,0.0000,corrida 6 pesos p0.35
2026-09-04T02:44:12,256x256,1.00e-03,32,6,p0.35,1/1.00,0.2396,0.3529,0.8004,0.7616,0.4731,0.3372,0.0980,0.0000,0.0000,corrida 6 pesos p0.35
2026-09-04T02:44:16,256x256,1.00e-03,32,7,p0.35,1/1.00,0.2244,0.3489,0.7424,0.6952,0.4470,0.3890,0.1684,0.0000,0.0000,corrida 6 pesos p0.35
2026-09-04T02:44:20,256x256,1.00e-03,32,8,p0.35,1/1.00,0.2308,0.3745,0.8127,0.7946,0.5510,0.1920,0.2569,0.0145,0.0000,corrida 6 pesos p0.35
2026-09-04T02:44:23,256x256,1.00e-03,32,9,p0.35,1/1.00,0.2281,0.2990,0.7586,0.6794,0.3342,0.2474,0.0733,0.0001,0.0000,corrida 6 pesos p0.35
2026-09-04T02:44:27,256x256,1.00e-03,32,10,p0.35,1/1.00,0.2110,0.3962,0.7660,0.7236,0.5332,0.3976,0.3487,0.0045,0.0000,corrida 6 pesos p0.35
2026-09-04T02:44:30,256x256,1.00e-03,32,11,p0.35,1/1.00,0.1987,0.3211,0.7364,0.6464,0.3557,0.2775,0.1783,0.0532,0.0000,corrida 6 pesos p0.35
2026-09-04T02:44:34,256x256,1.00e-03,32,12,p0.35,1/1.00,0.1932,0.3801,0.7983,0.7643,0.4452,0.4773,0.1534,0.0223,0.0000,corrida 6 pesos p0.35
2026-09-04T02:44:37,256x256,1.00e-03,32,13,p0.35,1/1.00,0.1795,0.3485,0.6682,0.5611,0.5343,0.3877,0.2715,0.0165,0.0000,corrida 6 pesos p0.35
2026-09-04T02:44:41,256x256,1.00e-03,32,14,p0.35,1/1.00,0.1874,0.3829,0.7334,0.7115,0.6352,0.2142,0.3584,0.0279,0.0000,corrida 6 pesos p0.35
2026-09-04T02:44:45,256x256,5.00e-04,32,15,p0.35,1/1.00,0.1789,0.3919,0.7635,0.7168,0.4807,0.5067,0.2632,0.0125,0.0000,corrida 6 pesos p0.35
2026-09-04T02:44:48,256x256,5.00e-04,32,16,p0.35,1/1.00,0.1584,0.3642,0.7233,0.6653,0.5060,0.3674,0.2626,0.0250,0.0000,corrida 6 pesos p0.35
2026-09-04T02:44:52,256x256,5.00e-04,32,17,p0.35,1/1.00,0.1529,0.3993,0.7368,0.6719,0.5672,0.5095,0.2780,0.0317,0.0000,corrida 6 pesos p0.35
2026-09-04T02:44:55,256x256,5.00e-04,32,18,p0.35,1/1.00,0.1441,0.3724,0.7605,0.7137,0.5636,0.3546,0.1710,0.0436,0.0000,corrida 6 pesos p0.35
2026-09-04T02:44:59,256x256,5.00e-04,32,19,p0.35,1/1.00,0.1405,0.3399,0.6647,0.5306,0.4777,0.4585,0.2090,0.0388,0.0000,corrida 6 pesos p0.35
2026-09-04T02:45:03,256x256,5.00e-04,32,20,p0.35,1/1.00,0.1396,0.3732,0.7890,0.7425,0.4737,0.3610,0.1934,0.0529,0.0000,corrida 6 pesos p0.35
2026-09-04T02:45:06,256x256,5.00e-04,32,21,p0.35,1/1.00,0.1438,0.4131,0.7593,0.7115,0.5746,0.4800,0.3097,0.0569,0.0000,corrida 6 pesos p0.35
2026-09-04T02:45:10,256x256,5.00e-04,32,22,p0.35,1/1.00,0.1320,0.4166,0.7862,0.7579,0.5823,0.4697,0.2753,0.0449,0.0000,corrida 6 pesos p0.35
2026-09-04T02:45:13,256x256,5.00e-04,32,23,p0.35,1/1.00,0.1369,0.3852,0.7777,0.7301,0.4644,0.4086,0.2689,0.0471,0.0000,corrida 6 pesos p0.35
2026-09-04T02:45:17,256x256,5.00e-04,32,24,p0.35,1/1.00,0.1382,0.3631,0.7867,0.7481,0.3334,0.4686,0.1608,0.0437,0.0000,corrida 6 pesos p0.35
2026-09-04T02:45:20,256x256,5.00e-04,32,25,p0.35,1/1.00,0.1240,0.3972,0.7943,0.7682,0.5829,0.2235,0.3775,0.0341,0.0000,corrida 6 pesos p0.35
2026-09-04T02:45:24,256x256,5.00e-04,32,26,p0.35,1/1.00,0.1227,0.3736,0.7272,0.6584,0.5052,0.4611,0.2163,0.0474,0.0000,corrida 6 pesos p0.35
2026-09-04T02:45:27,256x256,2.50e-04,32,27,p0.35,1/1.00,0.1193,0.4004,0.7899,0.7602,0.4986,0.4812,0.2184,0.0545,0.0000,corrida 6 pesos p0.35
2026-09-04T02:45:31,256x256,2.50e-04,32,28,p0.35,1/1.00,0.1105,0.3895,0.7404,0.6786,0.5795,0.3860,0.2888,0.0532,0.0000,corrida 6 pesos p0.35
2026-09-04T02:45:34,256x256,2.50e-04,32,29,p0.35,1/1.00,0.1074,0.3415,0.7206,0.6373,0.5017,0.2505,0.2435,0.0371,0.0000,corrida 6 pesos p0.35
2026-09-04T02:45:38,256x256,2.50e-04,32,30,p0.35,1/1.00,0.1050,0.3431,0.7287,0.6524,0.5312,0.2384,0.2131,0.0381,0.0000,corrida 6 pesos p0.35
2026-09-04T02:45:42,256x256,2.50e-04,32,31,p0.35,1/1.00,0.1020,0.3864,0.7359,0.6616,0.4876,0.4784,0.3002,0.0411,0.0000,corrida 6 pesos p0.35
2026-09-04T02:45:45,256x256,1.25e-04,32,32,p0.35,1/1.00,0.1011,0.3592,0.7625,0.7100,0.5955,0.1434,0.2504,0.0524,0.0000,corrida 6 pesos p0.35
2026-09-04T02:45:49,256x256,1.25e-04,32,33,p0.35,1/1.00,0.0970,0.3390,0.7421,0.6698,0.4560,0.2299,0.2213,0.0536,0.0000,corrida 6 pesos p0.35
2026-09-04T02:45:52,256x256,1.25e-04,32,34,p0.35,1/1.00,0.0961,0.3673,0.7348,0.6641,0.5357,0.3523,0.2372,0.0470,0.0000,corrida 6 pesos p0.35
2026-09-04T02:45:56,256x256,1.25e-04,32,35,p0.35,1/1.00,0.0951,0.3518,0.7214,0.6410,0.5310,0.2730,0.2402,0.0557,0.0000,corrida 6 pesos p0.35
2026-09-04T02:45:59,256x256,1.25e-04,32,36,p0.35,1/1.00,0.0931,0.3394,0.7353,0.6581,0.5240,0.1639,0.2353,0.0590,0.0000,corrida 6 pesos p0.35
2026-09-04T02:46:03,256x256,6.25e-05,32,37,p0.35,1/1.00,0.0919,0.3773,0.7727,0.7257,0.5495,0.3114,0.2330,0.0488,0.0000,corrida 6 pesos p0.35
2026-09-04T02:46:07,256x256,6.25e-05,32,38,p0.35,1/1.00,0.0892,0.3671,0.7347,0.6624,0.5420,0.3059,0.2731,0.0516,0.0000,corrida 6 pesos p0.35
2026-09-04T02:46:10,256x256,6.25e-05,32,39,p0.35,1/1.00,0.0857,0.3690,0.7382,0.6730,0.5584,0.3030,0.2553,0.0555,0.0000,corrida 6 pesos p0.35
2026-09-04T02:50:26,256x256,1.00e-03,32,0,p0.20,1/1.00,1.0068,0.1804,0.5807,0.4125,0.2699,0.0000,0.0000,0.0000,0.0000,corrida 7 pesos p0.20
2026-09-04T02:50:30,256x256,1.00e-03,32,1,p0.20,1/1.00,0.4556,0.2986,0.7734,0.7992,0.5178,0.0000,0.0000,0.0000,0.0000,corrida 7 pesos p0.20
2026-09-04T02:50:33,256x256,1.00e-03,32,2,p0.20,1/1.00,0.3368,0.2898,0.8039,0.7748,0.4500,0.0000,0.0000,0.0000,0.0000,corrida 7 pesos p0.20
2026-09-04T02:50:37,256x256,1.00e-03,32,3,p0.20,1/1.00,0.2876,0.2916,0.8264,0.8209,0.3941,0.0000,0.0000,0.0000,0.0000,corrida 7 pesos p0.20
2026-09-04T02:50:40,256x256,1.00e-03,32,4,p0.20,1/1.00,0.2546,0.2466,0.7341,0.6544,0.3379,0.0000,0.0000,0.0000,0.0000,corrida 7 pesos p0.20
2026-09-04T02:50:44,256x256,1.00e-03,32,5,p0.20,1/1.00,0.2604,0.2668,0.8649,0.7559,0.1782,0.0688,0.0000,0.0000,0.0000,corrida 7 pesos p0.20
2026-09-04T02:50:48,256x256,1.00e-03,32,6,p0.20,1/1.00,0.2399,0.3501,0.8221,0.7970,0.4494,0.3822,0.0000,0.0000,0.0000,corrida 7 pesos p0.20
2026-09-04T02:50:51,256x256,1.00e-03,32,7,p0.20,1/1.00,0.2137,0.3535,0.8216,0.8022,0.5150,0.3358,0.0000,0.0000,0.0000,corrida 7 pesos p0.20
2026-09-04T02:50:55,256x256,1.00e-03,32,8,p0.20,1/1.00,0.2037,0.3331,0.7954,0.7753,0.5490,0.2124,0.0000,0.0000,0.0000,corrida 7 pesos p0.20
2026-09-04T02:50:58,256x256,1.00e-03,32,9,p0.20,1/1.00,0.2037,0.2903,0.7597,0.6919,0.4062,0.1744,0.0000,0.0000,0.0000,corrida 7 pesos p0.20
2026-09-04T02:51:02,256x256,1.00e-03,32,10,p0.20,1/1.00,0.1914,0.3364,0.7769,0.7394,0.5475,0.2740,0.0168,0.0000,0.0000,corrida 7 pesos p0.20
2026-09-04T02:51:06,256x256,1.00e-03,32,11,p0.20,1/1.00,0.1815,0.3718,0.8071,0.7766,0.5459,0.4731,0.0000,0.0000,0.0000,corrida 7 pesos p0.20
2026-09-04T02:51:09,256x256,1.00e-03,32,12,p0.20,1/1.00,0.1724,0.3611,0.7681,0.7340,0.5966,0.4270,0.0000,0.0017,0.0000,corrida 7 pesos p0.20
2026-09-04T02:51:13,256x256,1.00e-03,32,13,p0.20,1/1.00,0.1684,0.3352,0.7965,0.7808,0.5837,0.1462,0.0392,0.0003,0.0000,corrida 7 pesos p0.20
2026-09-04T02:51:17,256x256,1.00e-03,32,14,p0.20,1/1.00,0.1600,0.3898,0.7500,0.6936,0.5126,0.4543,0.3175,0.0004,0.0000,corrida 7 pesos p0.20
2026-09-04T02:51:21,256x256,1.00e-03,32,15,p0.20,1/1.00,0.1654,0.3940,0.7354,0.6910,0.6338,0.3760,0.3128,0.0089,0.0000,corrida 7 pesos p0.20
2026-09-04T02:51:24,256x256,1.00e-03,32,16,p0.20,1/1.00,0.1754,0.3399,0.8101,0.7620,0.3141,0.3047,0.1887,0.0000,0.0000,corrida 7 pesos p0.20
2026-09-04T02:51:28,256x256,1.00e-03,32,17,p0.20,1/1.00,0.1688,0.3468,0.7749,0.7069,0.3485,0.4399,0.1570,0.0000,0.0000,corrida 7 pesos p0.20
2026-09-04T02:51:31,256x256,1.00e-03,32,18,p0.20,1/1.00,0.1609,0.2875,0.6795,0.5597,0.3571,0.2631,0.1533,0.0000,0.0000,corrida 7 pesos p0.20
2026-09-04T02:51:35,256x256,1.00e-03,32,19,p0.20,1/1.00,0.1559,0.3527,0.6932,0.6038,0.6060,0.3070,0.2589,0.0003,0.0000,corrida 7 pesos p0.20
2026-09-04T02:51:39,256x256,5.00e-04,32,20,p0.20,1/1.00,0.1428,0.3539,0.7099,0.6547,0.5206,0.4230,0.1681,0.0008,0.0000,corrida 7 pesos p0.20
2026-09-04T02:51:42,256x256,5.00e-04,32,21,p0.20,1/1.00,0.1352,0.3661,0.7172,0.6421,0.5395,0.4505,0.2128,0.0007,0.0000,corrida 7 pesos p0.20
2026-09-04T02:51:46,256x256,5.00e-04,32,22,p0.20,1/1.00,0.1182,0.3793,0.7278,0.6572,0.5500,0.4412,0.2733,0.0053,0.0000,corrida 7 pesos p0.20
2026-09-04T02:51:49,256x256,5.00e-04,32,23,p0.20,1/1.00,0.1174,0.3667,0.6924,0.6011,0.6011,0.3973,0.2749,0.0004,0.0000,corrida 7 pesos p0.20
2026-09-04T02:51:53,256x256,5.00e-04,32,24,p0.20,1/1.00,0.1145,0.3135,0.6652,0.5267,0.4524,0.3604,0.1886,0.0010,0.0000,corrida 7 pesos p0.20
2026-09-04T02:51:57,256x256,2.50e-04,32,25,p0.20,1/1.00,0.1130,0.3752,0.7485,0.6848,0.4675,0.4576,0.2668,0.0010,0.0000,corrida 7 pesos p0.20
2026-09-04T02:52:00,256x256,2.50e-04,32,26,p0.20,1/1.00,0.1069,0.3520,0.7627,0.7026,0.4844,0.3175,0.1935,0.0031,0.0000,corrida 7 pesos p0.20
2026-09-04T02:52:04,256x256,2.50e-04,32,27,p0.20,1/1.00,0.1020,0.3370,0.7619,0.6962,0.4372,0.2343,0.2253,0.0042,0.0000,corrida 7 pesos p0.20
2026-09-04T02:52:08,256x256,2.50e-04,32,28,p0.20,1/1.00,0.0999,0.3393,0.7166,0.6310,0.5083,0.3292,0.1890,0.0010,0.0000,corrida 7 pesos p0.20
2026-09-04T02:52:11,256x256,2.50e-04,32,29,p0.20,1/1.00,0.0973,0.3495,0.7675,0.7109,0.5013,0.2410,0.2221,0.0036,0.0000,corrida 7 pesos p0.20
2026-09-04T02:52:15,256x256,1.25e-04,32,30,p0.20,1/1.00,0.0950,0.3397,0.7703,0.7097,0.4310,0.2536,0.2117,0.0020,0.0000,corrida 7 pesos p0.20
2026-09-04T02:52:18,256x256,1.25e-04,32,31,p0.20,1/1.00,0.0914,0.3348,0.7467,0.6792,0.4745,0.2212,0.2180,0.0042,0.0000,corrida 7 pesos p0.20
2026-09-04T02:52:22,256x256,1.25e-04,32,32,p0.20,1/1.00,0.0891,0.3422,0.7689,0.7104,0.4626,0.2362,0.2143,0.0034,0.0000,corrida 7 pesos p0.20
2026-09-04T02:52:26,256x256,1.25e-04,32,33,p0.20,1/1.00,0.0891,0.3550,0.7280,0.6594,0.5637,0.2849,0.2430,0.0057,0.0000,corrida 7 pesos p0.20
2026-09-04T02:52:29,256x256,1.25e-04,32,34,p0.20,1/1.00,0.0884,0.3464,0.7550,0.6979,0.4761,0.2504,0.2402,0.0051,0.0000,corrida 7 pesos p0.20
2026-09-04T02:52:33,256x256,6.25e-05,32,35,p0.20,1/1.00,0.0860,0.3197,0.7401,0.6609,0.4553,0.1419,0.2316,0.0084,0.0000,corrida 7 pesos p0.20
2026-09-04T02:52:37,256x256,6.25e-05,32,36,p0.20,1/1.00,0.0845,0.3368,0.7589,0.6919,0.4377,0.2325,0.2315,0.0050,0.0000,corrida 7 pesos p0.20
2026-09-04T02:52:40,256x256,6.25e-05,32,37,p0.20,1/1.00,0.0827,0.3241,0.7043,0.6123,0.5406,0.1636,0.2422,0.0055,0.0000,corrida 7 pesos p0.20
2026-09-04T02:52:44,256x256,6.25e-05,32,38,p0.20,1/1.00,0.0817,0.3395,0.7524,0.6888,0.4837,0.2204,0.2252,0.0060,0.0000,corrida 7 pesos p0.20
2026-09-04T02:52:48,256x256,6.25e-05,32,39,p0.20,1/1.00,0.0837,0.3388,0.7605,0.6984,0.4829,0.1930,0.2286,0.0084,0.0000,corrida 7 pesos p0.20
2026-09-04T03:20:15,384x384,1.00e-03,32,13,p0.35,1/1.00,0.2317,0.3073,0.8083,0.7964,0.3349,0.0348,0.1643,0.0125,0.0000,s384_lr0.001_b32_p0.35_sc1.00
2026-09-04T03:20:23,384x384,1.00e-03,32,14,p0.35,1/1.00,0.2246,0.3117,0.8216,0.8093,0.4045,0.0747,0.0641,0.0080,0.0000,s384_lr0.001_b32_p0.35_sc1.00
2026-09-04T03:20:31,384x384,1.00e-03,32,15,p0.35,1/1.00,0.2069,0.4145,0.7857,0.7488,0.5503,0.3804,0.4146,0.0218,0.0000,s384_lr0.001_b32_p0.35_sc1.00
2026-09-04T03:20:39,384x384,1.00e-03,32,16,p0.35,1/1.00,0.1950,0.3871,0.7372,0.6829,0.5463,0.5041,0.2316,0.0076,0.0000,s384_lr0.001_b32_p0.35_sc1.00
2026-09-04T03:20:47,384x384,1.00e-03,32,17,p0.35,1/1.00,0.1926,0.3699,0.7498,0.6941,0.4568,0.3840,0.2988,0.0061,0.0000,s384_lr0.001_b32_p0.35_sc1.00
2026-09-04T03:20:55,384x384,1.00e-03,32,18,p0.35,1/1.00,0.1901,0.3815,0.7483,0.7056,0.5702,0.4380,0.1966,0.0115,0.0000,s384_lr0.001_b32_p0.35_sc1.00
2026-09-04T03:21:03,384x384,1.00e-03,32,19,p0.35,1/1.00,0.1886,0.3858,0.7849,0.7424,0.5271,0.3783,0.2508,0.0171,0.0000,s384_lr0.001_b32_p0.35_sc1.00
2026-09-04T03:21:11,384x384,5.00e-04,32,20,p0.35,1/1.00,0.1796,0.3079,0.6623,0.5408,0.5511,0.2607,0.1329,0.0076,0.0000,s384_lr0.001_b32_p0.35_sc1.00
2026-09-04T03:21:19,384x384,5.00e-04,32,21,p0.35,1/1.00,0.1737,0.3863,0.7831,0.7377,0.5241,0.4409,0.2032,0.0150,0.0000,s384_lr0.001_b32_p0.35_sc1.00
2026-09-04T03:21:27,384x384,5.00e-04,32,22,p0.35,1/1.00,0.1613,0.3511,0.7459,0.6829,0.5189,0.2828,0.2147,0.0124,0.0000,s384_lr0.001_b32_p0.35_sc1.00
2026-09-04T03:21:35,384x384,5.00e-04,32,23,p0.35,1/1.00,0.1570,0.3716,0.7829,0.7435,0.5462,0.2400,0.2724,0.0159,0.0000,s384_lr0.001_b32_p0.35_sc1.00
2026-09-04T03:21:43,384x384,5.00e-04,32,24,p0.35,1/1.00,0.1545,0.4035,0.7696,0.7180,0.5546,0.4539,0.3095,0.0191,0.0000,s384_lr0.001_b32_p0.35_sc1.00
2026-09-04T03:21:51,384x384,2.50e-04,32,25,p0.35,1/1.00,0.1630,0.3985,0.8127,0.7825,0.5949,0.3211,0.2706,0.0080,0.0000,s384_lr0.001_b32_p0.35_sc1.00
2026-09-04T03:21:59,384x384,2.50e-04,32,26,p0.35,1/1.00,0.1483,0.3515,0.7201,0.6402,0.5938,0.2790,0.2152,0.0126,0.0000,s384_lr0.001_b32_p0.35_sc1.00
2026-09-04T03:22:15,384x384,1.00e-03,32,0,p0.35,1/0.85,0.9499,0.2515,0.6608,0.5587,0.5408,0.0000,0.0000,0.0000,0.0000,s384_lr0.001_b32_p0.35_sc0.85
2026-09-04T03:22:23,384x384,1.00e-03,32,1,p0.35,1/0.85,0.5206,0.2003,0.6631,0.5015,0.2377,0.0000,0.0000,0.0000,0.0000,s384_lr0.001_b32_p0.35_sc0.85
2026-09-04T03:22:31,384x384,1.00e-03,32,2,p0.35,1/0.85,0.4018,0.2423,0.7005,0.6432,0.3522,0.0000,0.0000,0.0000,0.0000,s384_lr0.001_b32_p0.35_sc0.85
2026-09-04T03:22:39,384x384,1.00e-03,32,3,p0.35,1/0.85,0.3320,0.3017,0.7143,0.7454,0.4816,0.1703,0.0000,0.0000,0.0000,s384_lr0.001_b32_p0.35_sc0.85
2026-09-04T03:22:47,384x384,1.00e-03,32,4,p0.35,1/0.85,0.3085,0.2872,0.7174,0.6501,0.4533,0.1896,0.0000,0.0000,0.0000,s384_lr0.001_b32_p0.35_sc0.85
2026-09-04T03:22:55,384x384,1.00e-03,32,5,p0.35,1/0.85,0.2769,0.3156,0.6989,0.7043,0.3933,0.3340,0.0785,0.0000,0.0000,s384_lr0.001_b32_p0.35_sc0.85
2026-09-04T03:23:03,384x384,1.00e-03,32,6,p0.35,1/0.85,0.2669,0.3645,0.7867,0.7654,0.5474,0.1813,0.2709,0.0000,0.0000,s384_lr0.001_b32_p0.35_sc0.85
2026-09-04T03:23:11,384x384,1.00e-03,32,7,p0.35,1/0.85,0.2501,0.3216,0.8066,0.8080,0.4123,0.1923,0.0321,0.0001,0.0000,s384_lr0.001_b32_p0.35_sc0.85
2026-09-04T03:23:19,384x384,1.00e-03,32,8,p0.35,1/0.85,0.2566,0.3570,0.7642,0.7161,0.4523,0.2868,0.2796,0.0000,0.0000,s384_lr0.001_b32_p0.35_sc0.85
2026-09-04T03:23:27,384x384,1.00e-03,32,9,p0.35,1/0.85,0.2424,0.3243,0.7846,0.7843,0.2980,0.3009,0.0972,0.0048,0.0000,s384_lr0.001_b32_p0.35_sc0.85
2026-09-04T03:23:34,384x384,1.00e-03,32,10,p0.35,1/0.85,0.2414,0.4036,0.7686,0.7377,0.6003,0.3034,0.4015,0.0135,0.0000,s384_lr0.001_b32_p0.35_sc0.85
2026-09-04T03:23:42,384x384,1.00e-03,32,11,p0.35,1/0.85,0.2241,0.3593,0.8030,0.8085,0.4717,0.2517,0.1782,0.0021,0.0000,s384_lr0.001_b32_p0.35_sc0.85
2026-09-04T03:23:50,384x384,1.00e-03,32,12,p0.35,1/0.85,0.2285,0.3890,0.7922,0.7548,0.5343,0.3046,0.3200,0.0167,0.0000,s384_lr0.001_b32_p0.35_sc0.85
2026-09-04T03:23:58,384x384,1.00e-03,32,13,p0.35,1/0.85,0.2105,0.3156,0.7542,0.7182,0.4071,0.2323,0.0826,0.0148,0.0000,s384_lr0.001_b32_p0.35_sc0.85
2026-09-04T03:24:06,384x384,1.00e-03,32,14,p0.35,1/0.85,0.2199,0.3576,0.8013,0.7755,0.5041,0.2237,0.1901,0.0087,0.0000,s384_lr0.001_b32_p0.35_sc0.85
2026-09-04T03:24:14,384x384,5.00e-04,32,15,p0.35,1/0.85,0.2019,0.3603,0.7686,0.7110,0.4612,0.3917,0.1805,0.0089,0.0000,s384_lr0.001_b32_p0.35_sc0.85
2026-09-04T03:24:22,384x384,5.00e-04,32,16,p0.35,1/0.85,0.1850,0.4351,0.8030,0.7835,0.6271,0.4472,0.3705,0.0144,0.0000,s384_lr0.001_b32_p0.35_sc0.85
2026-09-04T03:24:30,384x384,5.00e-04,32,17,p0.35,1/0.85,0.1833,0.3971,0.8036,0.7762,0.4782,0.4169,0.2917,0.0131,0.0000,s384_lr0.001_b32_p0.35_sc0.85
2026-09-04T03:24:37,384x384,5.00e-04,32,18,p0.35,1/0.85,0.1783,0.3907,0.7711,0.7556,0.4485,0.3636,0.3706,0.0253,0.0000,s384_lr0.001_b32_p0.35_sc0.85
2026-09-04T03:24:45,384x384,5.00e-04,32,19,p0.35,1/0.85,0.1865,0.3805,0.7564,0.7150,0.5687,0.3808,0.2358,0.0067,0.0000,s384_lr0.001_b32_p0.35_sc0.85
2026-09-04T03:24:53,384x384,5.00e-04,32,20,p0.35,1/0.85,0.1749,0.4209,0.7963,0.7814,0.5323,0.4856,0.3222,0.0285,0.0000,s384_lr0.001_b32_p0.35_sc0.85
2026-09-04T03:25:01,384x384,2.50e-04,32,21,p0.35,1/0.85,0.1634,0.3699,0.7768,0.7284,0.3538,0.3217,0.3833,0.0254,0.0000,s384_lr0.001_b32_p0.35_sc0.85
2026-09-04T03:25:09,384x384,2.50e-04,32,22,p0.35,1/0.85,0.1609,0.4010,0.8000,0.7699,0.5851,0.3411,0.2925,0.0182,0.0000,s384_lr0.001_b32_p0.35_sc0.85
2026-09-04T03:25:17,384x384,2.50e-04,32,23,p0.35,1/0.85,0.1485,0.3847,0.7395,0.6849,0.4639,0.3988,0.3956,0.0103,0.0000,s384_lr0.001_b32_p0.35_sc0.85
2026-09-04T03:25:24,384x384,2.50e-04,32,24,p0.35,1/0.85,0.1544,0.4027,0.7810,0.7445,0.5586,0.4136,0.3048,0.0162,0.0000,s384_lr0.001_b32_p0.35_sc0.85
2026-09-04T03:25:32,384x384,2.50e-04,32,25,p0.35,1/0.85,0.1529,0.4111,0.7648,0.7250,0.5315,0.4583,0.3680,0.0302,0.0000,s384_lr0.001_b32_p0.35_sc0.85
2026-09-04T03:25:40,384x384,1.25e-04,32,26,p0.35,1/0.85,0.1550,0.3483,0.6756,0.5951,0.5167,0.3996,0.2336,0.0175,0.0000,s384_lr0.001_b32_p0.35_sc0.85
